number,name,position_lat,position_lng,available_bikes,available_bike_stands,rounded_last_update,temp,feels_like,humidity,rain_1h,weather_desc,weather_brief,wind_speed,weatherid
1,CLARENDON ROW,53.3409,-6.2625,0,31,2024-03-26 21:00:00,280.65,277.35,90,0.0,scattered clouds,Clouds,5.66,802
1,CLARENDON ROW,53.3409,-6.2625,0,31,2024-03-26 21:00:00,280.7,277.41,90,0.0,scattered clouds,Clouds,5.66,802
1,CLARENDON ROW,53.3409,-6.2625,0,31,2024-03-26 21:00:00,280.46,277.11,90,0.0,scattered clouds,Clouds,5.66,802
1,CLARENDON ROW,53.3409,-6.2625,0,31,2024-03-26 21:00:00,280.59,277.27,90,0.0,scattered clouds,Clouds,5.66,802
2,BLESSINGTON STREET,53.3568,-6.26814,14,6,2024-03-26 21:00:00,280.65,277.35,90,0.0,scattered clouds,Clouds,5.66,802
2,BLESSINGTON STREET,53.3568,-6.26814,14,6,2024-03-26 21:00:00,280.7,277.41,90,0.0,scattered clouds,Clouds,5.66,802
2,BLESSINGTON STREET,53.3568,-6.26814,14,6,2024-03-26 21:00:00,280.46,277.11,90,0.0,scattered clouds,Clouds,5.66,802
2,BLESSINGTON STREET,53.3568,-6.26814,14,6,2024-03-26 21:00:00,280.59,277.27,90,0.0,scattered clouds,Clouds,5.66,802
3,BOLTON STREET,53.3512,-6.26986,12,8,2024-03-26 21:00:00,280.65,277.35,90,0.0,scattered clouds,Clouds,5.66,802
3,BOLTON STREET,53.3512,-6.26986,12,8,2024-03-26 21:00:00,280.7,277.41,90,0.0,scattered clouds,Clouds,5.66,802
3,BOLTON STREET,53.3512,-6.26986,12,8,2024-03-26 21:00:00,280.46,277.11,90,0.0,scattered clouds,Clouds,5.66,802
3,BOLTON STREET,53.3512,-6.26986,12,8,2024-03-26 21:00:00,280.59,277.27,90,0.0,scattered clouds,Clouds,5.66,802
4,GREEK STREET,53.3469,-6.27298,9,11,2024-03-26 21:00:00,280.65,277.35,90,0.0,scattered clouds,Clouds,5.66,802
4,GREEK STREET,53.3469,-6.27298,9,11,2024-03-26 21:00:00,280.7,277.41,90,0.0,scattered clouds,Clouds,5.66,802
4,GREEK STREET,53.3469,-6.27298,9,11,2024-03-26 21:00:00,280.46,277.11,90,0.0,scattered clouds,Clouds,5.66,802
4,GREEK STREET,53.3469,-6.27298,9,11,2024-03-26 21:00:00,280.59,277.27,90,0.0,scattered clouds,Clouds,5.66,802
5,CHARLEMONT PLACE,53.3307,-6.26018,39,1,2024-03-26 21:00:00,280.65,277.35,90,0.0,scattered clouds,Clouds,5.66,802
5,CHARLEMONT PLACE,53.3307,-6.26018,39,1,2024-03-26 21:00:00,280.7,277.41,90,0.0,scattered clouds,Clouds,5.66,802
5,CHARLEMONT PLACE,53.3307,-6.26018,39,1,2024-03-26 21:00:00,280.46,277.11,90,0.0,scattered clouds,Clouds,5.66,802
5,CHARLEMONT PLACE,53.3307,-6.26018,39,1,2024-03-26 21:00:00,280.59,277.27,90,0.0,scattered clouds,Clouds,5.66,802
6,CHRISTCHURCH PLACE,53.3434,-6.27012,0,20,2024-03-26 21:00:00,280.65,277.35,90,0.0,scattered clouds,Clouds,5.66,802
6,CHRISTCHURCH PLACE,53.3434,-6.27012,0,20,2024-03-26 21:00:00,280.7,277.41,90,0.0,scattered clouds,Clouds,5.66,802
6,CHRISTCHURCH PLACE,53.3434,-6.27012,0,20,2024-03-26 21:00:00,280.46,277.11,90,0.0,scattered clouds,Clouds,5.66,802
6,CHRISTCHURCH PLACE,53.3434,-6.27012,0,20,2024-03-26 21:00:00,280.59,277.27,90,0.0,scattered clouds,Clouds,5.66,802
7,HIGH STREET,53.3436,-6.27507,19,10,2024-03-26 21:00:00,280.65,277.35,90,0.0,scattered clouds,Clouds,5.66,802
7,HIGH STREET,53.3436,-6.27507,19,10,2024-03-26 21:00:00,280.7,277.41,90,0.0,scattered clouds,Clouds,5.66,802
7,HIGH STREET,53.3436,-6.27507,19,10,2024-03-26 21:00:00,280.46,277.11,90,0.0,scattered clouds,Clouds,5.66,802
7,HIGH STREET,53.3436,-6.27507,19,10,2024-03-26 21:00:00,280.59,277.27,90,0.0,scattered clouds,Clouds,5.66,802
8,CUSTOM HOUSE QUAY,53.3479,-6.24805,24,6,2024-03-26 21:00:00,280.65,277.35,90,0.0,scattered clouds,Clouds,5.66,802
8,CUSTOM HOUSE QUAY,53.3479,-6.24805,24,6,2024-03-26 21:00:00,280.7,277.41,90,0.0,scattered clouds,Clouds,5.66,802
8,CUSTOM HOUSE QUAY,53.3479,-6.24805,24,6,2024-03-26 21:00:00,280.46,277.11,90,0.0,scattered clouds,Clouds,5.66,802
8,CUSTOM HOUSE QUAY,53.3479,-6.24805,24,6,2024-03-26 21:00:00,280.59,277.27,90,0.0,scattered clouds,Clouds,5.66,802
9,EXCHEQUER STREET,53.343,-6.26358,11,13,2024-03-26 21:00:00,280.65,277.35,90,0.0,scattered clouds,Clouds,5.66,802
9,EXCHEQUER STREET,53.343,-6.26358,11,13,2024-03-26 21:00:00,280.7,277.41,90,0.0,scattered clouds,Clouds,5.66,802
9,EXCHEQUER STREET,53.343,-6.26358,11,13,2024-03-26 21:00:00,280.46,277.11,90,0.0,scattered clouds,Clouds,5.66,802
9,EXCHEQUER STREET,53.343,-6.26358,11,13,2024-03-26 21:00:00,280.59,277.27,90,0.0,scattered clouds,Clouds,5.66,802
10,DAME STREET,53.344,-6.2668,15,1,2024-03-26 21:00:00,280.65,277.35,90,0.0,scattered clouds,Clouds,5.66,802
10,DAME STREET,53.344,-6.2668,15,1,2024-03-26 21:00:00,280.7,277.41,90,0.0,scattered clouds,Clouds,5.66,802
10,DAME STREET,53.344,-6.2668,15,1,2024-03-26 21:00:00,280.46,277.11,90,0.0,scattered clouds,Clouds,5.66,802
10,DAME STREET,53.344,-6.2668,15,1,2024-03-26 21:00:00,280.59,277.27,90,0.0,scattered clouds,Clouds,5.66,802
11,EARLSFORT TERRACE,53.3343,-6.2585,1,29,2024-03-26 21:00:00,280.65,277.35,90,0.0,scattered clouds,Clouds,5.66,802
11,EARLSFORT TERRACE,53.3343,-6.2585,1,29,2024-03-26 21:00:00,280.7,277.41,90,0.0,scattered clouds,Clouds,5.66,802
11,EARLSFORT TERRACE,53.3343,-6.2585,1,29,2024-03-26 21:00:00,280.46,277.11,90,0.0,scattered clouds,Clouds,5.66,802
11,EARLSFORT TERRACE,53.3343,-6.2585,1,29,2024-03-26 21:00:00,280.59,277.27,90,0.0,scattered clouds,Clouds,5.66,802
12,ECCLES STREET,53.3592,-6.26978,8,12,2024-03-26 21:00:00,280.65,277.35,90,0.0,scattered clouds,Clouds,5.66,802
12,ECCLES STREET,53.3592,-6.26978,8,12,2024-03-26 21:00:00,280.7,277.41,90,0.0,scattered clouds,Clouds,5.66,802
12,ECCLES STREET,53.3592,-6.26978,8,12,2024-03-26 21:00:00,280.46,277.11,90,0.0,scattered clouds,Clouds,5.66,802
12,ECCLES STREET,53.3592,-6.26978,8,12,2024-03-26 21:00:00,280.59,277.27,90,0.0,scattered clouds,Clouds,5.66,802
13,FITZWILLIAM SQUARE WEST,53.3361,-6.25282,1,29,2024-03-26 21:00:00,280.65,277.35,90,0.0,scattered clouds,Clouds,5.66,802
13,FITZWILLIAM SQUARE WEST,53.3361,-6.25282,1,29,2024-03-26 21:00:00,280.7,277.41,90,0.0,scattered clouds,Clouds,5.66,802
13,FITZWILLIAM SQUARE WEST,53.3361,-6.25282,1,29,2024-03-26 21:00:00,280.46,277.11,90,0.0,scattered clouds,Clouds,5.66,802
13,FITZWILLIAM SQUARE WEST,53.3361,-6.25282,1,29,2024-03-26 21:00:00,280.59,277.27,90,0.0,scattered clouds,Clouds,5.66,802
14,FOWNES STREET UPPER,53.3446,-6.26337,9,21,2024-03-26 21:00:00,280.65,277.35,90,0.0,scattered clouds,Clouds,5.66,802
14,FOWNES STREET UPPER,53.3446,-6.26337,9,21,2024-03-26 21:00:00,280.7,277.41,90,0.0,scattered clouds,Clouds,5.66,802
14,FOWNES STREET UPPER,53.3446,-6.26337,9,21,2024-03-26 21:00:00,280.46,277.11,90,0.0,scattered clouds,Clouds,5.66,802
14,FOWNES STREET UPPER,53.3446,-6.26337,9,21,2024-03-26 21:00:00,280.59,277.27,90,0.0,scattered clouds,Clouds,5.66,802
15,HARDWICKE STREET,53.3555,-6.26442,3,13,2024-03-26 21:00:00,280.65,277.35,90,0.0,scattered clouds,Clouds,5.66,802
15,HARDWICKE STREET,53.3555,-6.26442,3,13,2024-03-26 21:00:00,280.7,277.41,90,0.0,scattered clouds,Clouds,5.66,802
15,HARDWICKE STREET,53.3555,-6.26442,3,13,2024-03-26 21:00:00,280.46,277.11,90,0.0,scattered clouds,Clouds,5.66,802
15,HARDWICKE STREET,53.3555,-6.26442,3,13,2024-03-26 21:00:00,280.59,277.27,90,0.0,scattered clouds,Clouds,5.66,802
16,GEORGES QUAY,53.3475,-6.25219,5,15,2024-03-26 21:00:00,280.65,277.35,90,0.0,scattered clouds,Clouds,5.66,802
16,GEORGES QUAY,53.3475,-6.25219,5,15,2024-03-26 21:00:00,280.7,277.41,90,0.0,scattered clouds,Clouds,5.66,802
16,GEORGES QUAY,53.3475,-6.25219,5,15,2024-03-26 21:00:00,280.46,277.11,90,0.0,scattered clouds,Clouds,5.66,802
16,GEORGES QUAY,53.3475,-6.25219,5,15,2024-03-26 21:00:00,280.59,277.27,90,0.0,scattered clouds,Clouds,5.66,802
17,GOLDEN LANE,53.3408,-6.26773,1,19,2024-03-26 21:00:00,280.65,277.35,90,0.0,scattered clouds,Clouds,5.66,802
17,GOLDEN LANE,53.3408,-6.26773,1,19,2024-03-26 21:00:00,280.7,277.41,90,0.0,scattered clouds,Clouds,5.66,802
17,GOLDEN LANE,53.3408,-6.26773,1,19,2024-03-26 21:00:00,280.46,277.11,90,0.0,scattered clouds,Clouds,5.66,802
17,GOLDEN LANE,53.3408,-6.26773,1,19,2024-03-26 21:00:00,280.59,277.27,90,0.0,scattered clouds,Clouds,5.66,802
18,GRANTHAM STREET,53.3341,-6.26544,7,23,2024-03-26 21:00:00,280.65,277.35,90,0.0,scattered clouds,Clouds,5.66,802
18,GRANTHAM STREET,53.3341,-6.26544,7,23,2024-03-26 21:00:00,280.7,277.41,90,0.0,scattered clouds,Clouds,5.66,802
18,GRANTHAM STREET,53.3341,-6.26544,7,23,2024-03-26 21:00:00,280.46,277.11,90,0.0,scattered clouds,Clouds,5.66,802
18,GRANTHAM STREET,53.3341,-6.26544,7,23,2024-03-26 21:00:00,280.59,277.27,90,0.0,scattered clouds,Clouds,5.66,802
19,HERBERT PLACE,53.3344,-6.24557,0,30,2024-03-26 21:00:00,280.65,277.35,90,0.0,scattered clouds,Clouds,5.66,802
19,HERBERT PLACE,53.3344,-6.24557,0,30,2024-03-26 21:00:00,280.7,277.41,90,0.0,scattered clouds,Clouds,5.66,802
19,HERBERT PLACE,53.3344,-6.24557,0,30,2024-03-26 21:00:00,280.46,277.11,90,0.0,scattered clouds,Clouds,5.66,802
19,HERBERT PLACE,53.3344,-6.24557,0,30,2024-03-26 21:00:00,280.59,277.27,90,0.0,scattered clouds,Clouds,5.66,802
20,JAMES STREET EAST,53.3366,-6.24811,0,30,2024-03-26 21:00:00,280.65,277.35,90,0.0,scattered clouds,Clouds,5.66,802
20,JAMES STREET EAST,53.3366,-6.24811,0,30,2024-03-26 21:00:00,280.7,277.41,90,0.0,scattered clouds,Clouds,5.66,802
20,JAMES STREET EAST,53.3366,-6.24811,0,30,2024-03-26 21:00:00,280.46,277.11,90,0.0,scattered clouds,Clouds,5.66,802
20,JAMES STREET EAST,53.3366,-6.24811,0,30,2024-03-26 21:00:00,280.59,277.27,90,0.0,scattered clouds,Clouds,5.66,802
21,LEINSTER STREET SOUTH,53.3422,-6.25449,4,26,2024-03-26 21:00:00,280.65,277.35,90,0.0,scattered clouds,Clouds,5.66,802
21,LEINSTER STREET SOUTH,53.3422,-6.25449,4,26,2024-03-26 21:00:00,280.7,277.41,90,0.0,scattered clouds,Clouds,5.66,802
21,LEINSTER STREET SOUTH,53.3422,-6.25449,4,26,2024-03-26 21:00:00,280.46,277.11,90,0.0,scattered clouds,Clouds,5.66,802
21,LEINSTER STREET SOUTH,53.3422,-6.25449,4,26,2024-03-26 21:00:00,280.59,277.27,90,0.0,scattered clouds,Clouds,5.66,802
22,TOWNSEND STREET,53.3459,-6.25461,1,19,2024-03-26 21:00:00,280.65,277.35,90,0.0,scattered clouds,Clouds,5.66,802
22,TOWNSEND STREET,53.3459,-6.25461,1,19,2024-03-26 21:00:00,280.7,277.41,90,0.0,scattered clouds,Clouds,5.66,802
22,TOWNSEND STREET,53.3459,-6.25461,1,19,2024-03-26 21:00:00,280.46,277.11,90,0.0,scattered clouds,Clouds,5.66,802
22,TOWNSEND STREET,53.3459,-6.25461,1,19,2024-03-26 21:00:00,280.59,277.27,90,0.0,scattered clouds,Clouds,5.66,802
23,CUSTOM HOUSE,53.3483,-6.25466,24,6,2024-03-26 21:00:00,280.65,277.35,90,0.0,scattered clouds,Clouds,5.66,802
23,CUSTOM HOUSE,53.3483,-6.25466,24,6,2024-03-26 21:00:00,280.7,277.41,90,0.0,scattered clouds,Clouds,5.66,802
23,CUSTOM HOUSE,53.3483,-6.25466,24,6,2024-03-26 21:00:00,280.46,277.11,90,0.0,scattered clouds,Clouds,5.66,802
23,CUSTOM HOUSE,53.3483,-6.25466,24,6,2024-03-26 21:00:00,280.59,277.27,90,0.0,scattered clouds,Clouds,5.66,802
24,CATHAL BRUGHA STREET,53.3521,-6.26053,18,2,2024-03-26 21:00:00,280.65,277.35,90,0.0,scattered clouds,Clouds,5.66,802
24,CATHAL BRUGHA STREET,53.3521,-6.26053,18,2,2024-03-26 21:00:00,280.7,277.41,90,0.0,scattered clouds,Clouds,5.66,802
24,CATHAL BRUGHA STREET,53.3521,-6.26053,18,2,2024-03-26 21:00:00,280.46,277.11,90,0.0,scattered clouds,Clouds,5.66,802
24,CATHAL BRUGHA STREET,53.3521,-6.26053,18,2,2024-03-26 21:00:00,280.59,277.27,90,0.0,scattered clouds,Clouds,5.66,802
25,MERRION SQUARE EAST,53.3394,-6.24655,0,30,2024-03-26 21:00:00,280.65,277.35,90,0.0,scattered clouds,Clouds,5.66,802
25,MERRION SQUARE EAST,53.3394,-6.24655,0,30,2024-03-26 21:00:00,280.7,277.41,90,0.0,scattered clouds,Clouds,5.66,802
25,MERRION SQUARE EAST,53.3394,-6.24655,0,30,2024-03-26 21:00:00,280.46,277.11,90,0.0,scattered clouds,Clouds,5.66,802
25,MERRION SQUARE EAST,53.3394,-6.24655,0,30,2024-03-26 21:00:00,280.59,277.27,90,0.0,scattered clouds,Clouds,5.66,802
26,MERRION SQUARE WEST,53.3398,-6.25199,11,9,2024-03-26 21:00:00,280.65,277.35,90,0.0,scattered clouds,Clouds,5.66,802
26,MERRION SQUARE WEST,53.3398,-6.25199,11,9,2024-03-26 21:00:00,280.7,277.41,90,0.0,scattered clouds,Clouds,5.66,802
26,MERRION SQUARE WEST,53.3398,-6.25199,11,9,2024-03-26 21:00:00,280.46,277.11,90,0.0,scattered clouds,Clouds,5.66,802
26,MERRION SQUARE WEST,53.3398,-6.25199,11,9,2024-03-26 21:00:00,280.59,277.27,90,0.0,scattered clouds,Clouds,5.66,802
27,MOLESWORTH STREET,53.3413,-6.25812,1,18,2024-03-26 21:00:00,280.65,277.35,90,0.0,scattered clouds,Clouds,5.66,802
27,MOLESWORTH STREET,53.3413,-6.25812,1,18,2024-03-26 21:00:00,280.7,277.41,90,0.0,scattered clouds,Clouds,5.66,802
27,MOLESWORTH STREET,53.3413,-6.25812,1,18,2024-03-26 21:00:00,280.46,277.11,90,0.0,scattered clouds,Clouds,5.66,802
27,MOLESWORTH STREET,53.3413,-6.25812,1,18,2024-03-26 21:00:00,280.59,277.27,90,0.0,scattered clouds,Clouds,5.66,802
28,MOUNTJOY SQUARE WEST,53.3563,-6.25859,16,14,2024-03-26 21:00:00,280.65,277.35,90,0.0,scattered clouds,Clouds,5.66,802
28,MOUNTJOY SQUARE WEST,53.3563,-6.25859,16,14,2024-03-26 21:00:00,280.7,277.41,90,0.0,scattered clouds,Clouds,5.66,802
28,MOUNTJOY SQUARE WEST,53.3563,-6.25859,16,14,2024-03-26 21:00:00,280.46,277.11,90,0.0,scattered clouds,Clouds,5.66,802
28,MOUNTJOY SQUARE WEST,53.3563,-6.25859,16,14,2024-03-26 21:00:00,280.59,277.27,90,0.0,scattered clouds,Clouds,5.66,802
29,ORMOND QUAY UPPER,53.3461,-6.268,6,23,2024-03-26 21:00:00,280.65,277.35,90,0.0,scattered clouds,Clouds,5.66,802
29,ORMOND QUAY UPPER,53.3461,-6.268,6,23,2024-03-26 21:00:00,280.7,277.41,90,0.0,scattered clouds,Clouds,5.66,802
29,ORMOND QUAY UPPER,53.3461,-6.268,6,23,2024-03-26 21:00:00,280.46,277.11,90,0.0,scattered clouds,Clouds,5.66,802
29,ORMOND QUAY UPPER,53.3461,-6.268,6,23,2024-03-26 21:00:00,280.59,277.27,90,0.0,scattered clouds,Clouds,5.66,802
30,PARNELL SQUARE NORTH,53.3537,-6.2653,7,13,2024-03-26 21:00:00,280.65,277.35,90,0.0,scattered clouds,Clouds,5.66,802
30,PARNELL SQUARE NORTH,53.3537,-6.2653,7,13,2024-03-26 21:00:00,280.7,277.41,90,0.0,scattered clouds,Clouds,5.66,802
30,PARNELL SQUARE NORTH,53.3537,-6.2653,7,13,2024-03-26 21:00:00,280.46,277.11,90,0.0,scattered clouds,Clouds,5.66,802
30,PARNELL SQUARE NORTH,53.3537,-6.2653,7,13,2024-03-26 21:00:00,280.59,277.27,90,0.0,scattered clouds,Clouds,5.66,802
31,PARNELL STREET,53.3509,-6.26512,9,11,2024-03-26 21:00:00,280.65,277.35,90,0.0,scattered clouds,Clouds,5.66,802
31,PARNELL STREET,53.3509,-6.26512,9,11,2024-03-26 21:00:00,280.7,277.41,90,0.0,scattered clouds,Clouds,5.66,802
31,PARNELL STREET,53.3509,-6.26512,9,11,2024-03-26 21:00:00,280.46,277.11,90,0.0,scattered clouds,Clouds,5.66,802
31,PARNELL STREET,53.3509,-6.26512,9,11,2024-03-26 21:00:00,280.59,277.27,90,0.0,scattered clouds,Clouds,5.66,802
32,PEARSE STREET,53.3443,-6.25043,24,6,2024-03-26 21:00:00,280.65,277.35,90,0.0,scattered clouds,Clouds,5.66,802
32,PEARSE STREET,53.3443,-6.25043,24,6,2024-03-26 21:00:00,280.7,277.41,90,0.0,scattered clouds,Clouds,5.66,802
32,PEARSE STREET,53.3443,-6.25043,24,6,2024-03-26 21:00:00,280.46,277.11,90,0.0,scattered clouds,Clouds,5.66,802
32,PEARSE STREET,53.3443,-6.25043,24,6,2024-03-26 21:00:00,280.59,277.27,90,0.0,scattered clouds,Clouds,5.66,802
33,PRINCES STREET / O'CONNELL STREET,53.349,-6.26031,23,0,2024-03-26 21:00:00,280.65,277.35,90,0.0,scattered clouds,Clouds,5.66,802
33,PRINCES STREET / O'CONNELL STREET,53.349,-6.26031,23,0,2024-03-26 21:00:00,280.7,277.41,90,0.0,scattered clouds,Clouds,5.66,802
33,PRINCES STREET / O'CONNELL STREET,53.349,-6.26031,23,0,2024-03-26 21:00:00,280.46,277.11,90,0.0,scattered clouds,Clouds,5.66,802
33,PRINCES STREET / O'CONNELL STREET,53.349,-6.26031,23,0,2024-03-26 21:00:00,280.59,277.27,90,0.0,scattered clouds,Clouds,5.66,802
34,PORTOBELLO HARBOUR,53.3304,-6.26516,26,4,2024-03-26 21:00:00,280.65,277.35,90,0.0,scattered clouds,Clouds,5.66,802
34,PORTOBELLO HARBOUR,53.3304,-6.26516,26,4,2024-03-26 21:00:00,280.7,277.41,90,0.0,scattered clouds,Clouds,5.66,802
34,PORTOBELLO HARBOUR,53.3304,-6.26516,26,4,2024-03-26 21:00:00,280.46,277.11,90,0.0,scattered clouds,Clouds,5.66,802
34,PORTOBELLO HARBOUR,53.3304,-6.26516,26,4,2024-03-26 21:00:00,280.59,277.27,90,0.0,scattered clouds,Clouds,5.66,802
35,SMITHFIELD,53.3477,-6.27821,15,15,2024-03-26 21:00:00,280.65,277.35,90,0.0,scattered clouds,Clouds,5.66,802
35,SMITHFIELD,53.3477,-6.27821,15,15,2024-03-26 21:00:00,280.7,277.41,90,0.0,scattered clouds,Clouds,5.66,802
35,SMITHFIELD,53.3477,-6.27821,15,15,2024-03-26 21:00:00,280.46,277.11,90,0.0,scattered clouds,Clouds,5.66,802
35,SMITHFIELD,53.3477,-6.27821,15,15,2024-03-26 21:00:00,280.59,277.27,90,0.0,scattered clouds,Clouds,5.66,802
36,ST. STEPHEN'S GREEN EAST,53.3378,-6.25603,0,40,2024-03-26 21:00:00,280.65,277.35,90,0.0,scattered clouds,Clouds,5.66,802
36,ST. STEPHEN'S GREEN EAST,53.3378,-6.25603,0,40,2024-03-26 21:00:00,280.7,277.41,90,0.0,scattered clouds,Clouds,5.66,802
36,ST. STEPHEN'S GREEN EAST,53.3378,-6.25603,0,40,2024-03-26 21:00:00,280.46,277.11,90,0.0,scattered clouds,Clouds,5.66,802
36,ST. STEPHEN'S GREEN EAST,53.3378,-6.25603,0,40,2024-03-26 21:00:00,280.59,277.27,90,0.0,scattered clouds,Clouds,5.66,802
37,ST. STEPHEN'S GREEN SOUTH,53.3375,-6.26199,2,28,2024-03-26 21:00:00,280.65,277.35,90,0.0,scattered clouds,Clouds,5.66,802
37,ST. STEPHEN'S GREEN SOUTH,53.3375,-6.26199,2,28,2024-03-26 21:00:00,280.7,277.41,90,0.0,scattered clouds,Clouds,5.66,802
37,ST. STEPHEN'S GREEN SOUTH,53.3375,-6.26199,2,28,2024-03-26 21:00:00,280.46,277.11,90,0.0,scattered clouds,Clouds,5.66,802
37,ST. STEPHEN'S GREEN SOUTH,53.3375,-6.26199,2,28,2024-03-26 21:00:00,280.59,277.27,90,0.0,scattered clouds,Clouds,5.66,802
38,TALBOT STREET,53.351,-6.25294,33,7,2024-03-26 21:00:00,280.65,277.35,90,0.0,scattered clouds,Clouds,5.66,802
38,TALBOT STREET,53.351,-6.25294,33,7,2024-03-26 21:00:00,280.7,277.41,90,0.0,scattered clouds,Clouds,5.66,802
38,TALBOT STREET,53.351,-6.25294,33,7,2024-03-26 21:00:00,280.46,277.11,90,0.0,scattered clouds,Clouds,5.66,802
38,TALBOT STREET,53.351,-6.25294,33,7,2024-03-26 21:00:00,280.59,277.27,90,0.0,scattered clouds,Clouds,5.66,802
39,WILTON TERRACE,53.3324,-6.25272,0,20,2024-03-26 21:00:00,280.65,277.35,90,0.0,scattered clouds,Clouds,5.66,802
39,WILTON TERRACE,53.3324,-6.25272,0,20,2024-03-26 21:00:00,280.7,277.41,90,0.0,scattered clouds,Clouds,5.66,802
39,WILTON TERRACE,53.3324,-6.25272,0,20,2024-03-26 21:00:00,280.46,277.11,90,0.0,scattered clouds,Clouds,5.66,802
39,WILTON TERRACE,53.3324,-6.25272,0,20,2024-03-26 21:00:00,280.59,277.27,90,0.0,scattered clouds,Clouds,5.66,802
40,JERVIS STREET,53.3483,-6.26665,9,12,2024-03-26 21:00:00,280.65,277.35,90,0.0,scattered clouds,Clouds,5.66,802
40,JERVIS STREET,53.3483,-6.26665,9,12,2024-03-26 21:00:00,280.7,277.41,90,0.0,scattered clouds,Clouds,5.66,802
40,JERVIS STREET,53.3483,-6.26665,9,12,2024-03-26 21:00:00,280.46,277.11,90,0.0,scattered clouds,Clouds,5.66,802
40,JERVIS STREET,53.3483,-6.26665,9,12,2024-03-26 21:00:00,280.59,277.27,90,0.0,scattered clouds,Clouds,5.66,802
41,HARCOURT TERRACE,53.3328,-6.25794,10,10,2024-03-26 21:00:00,280.65,277.35,90,0.0,scattered clouds,Clouds,5.66,802
41,HARCOURT TERRACE,53.3328,-6.25794,10,10,2024-03-26 21:00:00,280.7,277.41,90,0.0,scattered clouds,Clouds,5.66,802
41,HARCOURT TERRACE,53.3328,-6.25794,10,10,2024-03-26 21:00:00,280.46,277.11,90,0.0,scattered clouds,Clouds,5.66,802
41,HARCOURT TERRACE,53.3328,-6.25794,10,10,2024-03-26 21:00:00,280.59,277.27,90,0.0,scattered clouds,Clouds,5.66,802
42,SMITHFIELD NORTH,53.3496,-6.2782,15,15,2024-03-26 21:00:00,280.65,277.35,90,0.0,scattered clouds,Clouds,5.66,802
42,SMITHFIELD NORTH,53.3496,-6.2782,15,15,2024-03-26 21:00:00,280.7,277.41,90,0.0,scattered clouds,Clouds,5.66,802
42,SMITHFIELD NORTH,53.3496,-6.2782,15,15,2024-03-26 21:00:00,280.46,277.11,90,0.0,scattered clouds,Clouds,5.66,802
42,SMITHFIELD NORTH,53.3496,-6.2782,15,15,2024-03-26 21:00:00,280.59,277.27,90,0.0,scattered clouds,Clouds,5.66,802
43,PORTOBELLO ROAD,53.3301,-6.26804,24,6,2024-03-26 21:00:00,280.65,277.35,90,0.0,scattered clouds,Clouds,5.66,802
43,PORTOBELLO ROAD,53.3301,-6.26804,24,6,2024-03-26 21:00:00,280.7,277.41,90,0.0,scattered clouds,Clouds,5.66,802
43,PORTOBELLO ROAD,53.3301,-6.26804,24,6,2024-03-26 21:00:00,280.46,277.11,90,0.0,scattered clouds,Clouds,5.66,802
43,PORTOBELLO ROAD,53.3301,-6.26804,24,6,2024-03-26 21:00:00,280.59,277.27,90,0.0,scattered clouds,Clouds,5.66,802
44,UPPER SHERRARD STREET,53.3584,-6.26064,7,23,2024-03-26 21:00:00,280.65,277.35,90,0.0,scattered clouds,Clouds,5.66,802
44,UPPER SHERRARD STREET,53.3584,-6.26064,7,23,2024-03-26 21:00:00,280.7,277.41,90,0.0,scattered clouds,Clouds,5.66,802
44,UPPER SHERRARD STREET,53.3584,-6.26064,7,23,2024-03-26 21:00:00,280.46,277.11,90,0.0,scattered clouds,Clouds,5.66,802
44,UPPER SHERRARD STREET,53.3584,-6.26064,7,23,2024-03-26 21:00:00,280.59,277.27,90,0.0,scattered clouds,Clouds,5.66,802
45,DEVERELL PLACE,53.3515,-6.25527,9,21,2024-03-26 21:00:00,280.65,277.35,90,0.0,scattered clouds,Clouds,5.66,802
45,DEVERELL PLACE,53.3515,-6.25527,9,21,2024-03-26 21:00:00,280.7,277.41,90,0.0,scattered clouds,Clouds,5.66,802
45,DEVERELL PLACE,53.3515,-6.25527,9,21,2024-03-26 21:00:00,280.46,277.11,90,0.0,scattered clouds,Clouds,5.66,802
45,DEVERELL PLACE,53.3515,-6.25527,9,21,2024-03-26 21:00:00,280.59,277.27,90,0.0,scattered clouds,Clouds,5.66,802
47,HERBERT STREET,53.3357,-6.24551,0,40,2024-03-26 21:00:00,280.65,277.35,90,0.0,scattered clouds,Clouds,5.66,802
47,HERBERT STREET,53.3357,-6.24551,0,40,2024-03-26 21:00:00,280.7,277.41,90,0.0,scattered clouds,Clouds,5.66,802
47,HERBERT STREET,53.3357,-6.24551,0,40,2024-03-26 21:00:00,280.46,277.11,90,0.0,scattered clouds,Clouds,5.66,802
47,HERBERT STREET,53.3357,-6.24551,0,40,2024-03-26 21:00:00,280.59,277.27,90,0.0,scattered clouds,Clouds,5.66,802
48,EXCISE WALK,53.3478,-6.24424,13,27,2024-03-26 21:00:00,280.65,277.35,90,0.0,scattered clouds,Clouds,5.66,802
48,EXCISE WALK,53.3478,-6.24424,13,27,2024-03-26 21:00:00,280.7,277.41,90,0.0,scattered clouds,Clouds,5.66,802
48,EXCISE WALK,53.3478,-6.24424,13,27,2024-03-26 21:00:00,280.46,277.11,90,0.0,scattered clouds,Clouds,5.66,802
48,EXCISE WALK,53.3478,-6.24424,13,27,2024-03-26 21:00:00,280.59,277.27,90,0.0,scattered clouds,Clouds,5.66,802
49,GUILD STREET,53.3479,-6.24093,24,16,2024-03-26 21:00:00,280.65,277.35,90,0.0,scattered clouds,Clouds,5.66,802
49,GUILD STREET,53.3479,-6.24093,24,16,2024-03-26 21:00:00,280.7,277.41,90,0.0,scattered clouds,Clouds,5.66,802
49,GUILD STREET,53.3479,-6.24093,24,16,2024-03-26 21:00:00,280.46,277.11,90,0.0,scattered clouds,Clouds,5.66,802
49,GUILD STREET,53.3479,-6.24093,24,16,2024-03-26 21:00:00,280.59,277.27,90,0.0,scattered clouds,Clouds,5.66,802
50,GEORGES LANE,53.3502,-6.2797,6,34,2024-03-26 21:00:00,280.65,277.35,90,0.0,scattered clouds,Clouds,5.66,802
50,GEORGES LANE,53.3502,-6.2797,6,34,2024-03-26 21:00:00,280.7,277.41,90,0.0,scattered clouds,Clouds,5.66,802
50,GEORGES LANE,53.3502,-6.2797,6,34,2024-03-26 21:00:00,280.46,277.11,90,0.0,scattered clouds,Clouds,5.66,802
50,GEORGES LANE,53.3502,-6.2797,6,34,2024-03-26 21:00:00,280.59,277.27,90,0.0,scattered clouds,Clouds,5.66,802
51,YORK STREET WEST,53.3393,-6.2647,9,31,2024-03-26 21:00:00,280.65,277.35,90,0.0,scattered clouds,Clouds,5.66,802
51,YORK STREET WEST,53.3393,-6.2647,9,31,2024-03-26 21:00:00,280.7,277.41,90,0.0,scattered clouds,Clouds,5.66,802
51,YORK STREET WEST,53.3393,-6.2647,9,31,2024-03-26 21:00:00,280.46,277.11,90,0.0,scattered clouds,Clouds,5.66,802
51,YORK STREET WEST,53.3393,-6.2647,9,31,2024-03-26 21:00:00,280.59,277.27,90,0.0,scattered clouds,Clouds,5.66,802
52,YORK STREET EAST,53.3388,-6.262,10,22,2024-03-26 21:00:00,280.65,277.35,90,0.0,scattered clouds,Clouds,5.66,802
52,YORK STREET EAST,53.3388,-6.262,10,22,2024-03-26 21:00:00,280.7,277.41,90,0.0,scattered clouds,Clouds,5.66,802
52,YORK STREET EAST,53.3388,-6.262,10,22,2024-03-26 21:00:00,280.46,277.11,90,0.0,scattered clouds,Clouds,5.66,802
52,YORK STREET EAST,53.3388,-6.262,10,22,2024-03-26 21:00:00,280.59,277.27,90,0.0,scattered clouds,Clouds,5.66,802
53,NEWMAN HOUSE,53.3371,-6.26059,0,40,2024-03-26 21:00:00,280.65,277.35,90,0.0,scattered clouds,Clouds,5.66,802
53,NEWMAN HOUSE,53.3371,-6.26059,0,40,2024-03-26 21:00:00,280.7,277.41,90,0.0,scattered clouds,Clouds,5.66,802
53,NEWMAN HOUSE,53.3371,-6.26059,0,40,2024-03-26 21:00:00,280.46,277.11,90,0.0,scattered clouds,Clouds,5.66,802
53,NEWMAN HOUSE,53.3371,-6.26059,0,40,2024-03-26 21:00:00,280.59,277.27,90,0.0,scattered clouds,Clouds,5.66,802
54,CLONMEL STREET,53.336,-6.26298,0,33,2024-03-26 21:00:00,280.65,277.35,90,0.0,scattered clouds,Clouds,5.66,802
54,CLONMEL STREET,53.336,-6.26298,0,33,2024-03-26 21:00:00,280.7,277.41,90,0.0,scattered clouds,Clouds,5.66,802
54,CLONMEL STREET,53.336,-6.26298,0,33,2024-03-26 21:00:00,280.46,277.11,90,0.0,scattered clouds,Clouds,5.66,802
54,CLONMEL STREET,53.336,-6.26298,0,33,2024-03-26 21:00:00,280.59,277.27,90,0.0,scattered clouds,Clouds,5.66,802
55,HATCH STREET,53.334,-6.26071,0,36,2024-03-26 21:00:00,280.65,277.35,90,0.0,scattered clouds,Clouds,5.66,802
55,HATCH STREET,53.334,-6.26071,0,36,2024-03-26 21:00:00,280.7,277.41,90,0.0,scattered clouds,Clouds,5.66,802
55,HATCH STREET,53.334,-6.26071,0,36,2024-03-26 21:00:00,280.46,277.11,90,0.0,scattered clouds,Clouds,5.66,802
55,HATCH STREET,53.334,-6.26071,0,36,2024-03-26 21:00:00,280.59,277.27,90,0.0,scattered clouds,Clouds,5.66,802
56,MOUNT STREET LOWER,53.338,-6.24153,16,24,2024-03-26 21:00:00,280.65,277.35,90,0.0,scattered clouds,Clouds,5.66,802
56,MOUNT STREET LOWER,53.338,-6.24153,16,24,2024-03-26 21:00:00,280.7,277.41,90,0.0,scattered clouds,Clouds,5.66,802
56,MOUNT STREET LOWER,53.338,-6.24153,16,24,2024-03-26 21:00:00,280.46,277.11,90,0.0,scattered clouds,Clouds,5.66,802
56,MOUNT STREET LOWER,53.338,-6.24153,16,24,2024-03-26 21:00:00,280.59,277.27,90,0.0,scattered clouds,Clouds,5.66,802
57,GRATTAN STREET,53.3396,-6.24378,13,10,2024-03-26 21:00:00,280.65,277.35,90,0.0,scattered clouds,Clouds,5.66,802
57,GRATTAN STREET,53.3396,-6.24378,13,10,2024-03-26 21:00:00,280.7,277.41,90,0.0,scattered clouds,Clouds,5.66,802
57,GRATTAN STREET,53.3396,-6.24378,13,10,2024-03-26 21:00:00,280.46,277.11,90,0.0,scattered clouds,Clouds,5.66,802
57,GRATTAN STREET,53.3396,-6.24378,13,10,2024-03-26 21:00:00,280.59,277.27,90,0.0,scattered clouds,Clouds,5.66,802
58,SIR PATRICK DUN'S,53.3392,-6.24064,32,8,2024-03-26 21:00:00,280.65,277.35,90,0.0,scattered clouds,Clouds,5.66,802
58,SIR PATRICK DUN'S,53.3392,-6.24064,32,8,2024-03-26 21:00:00,280.7,277.41,90,0.0,scattered clouds,Clouds,5.66,802
58,SIR PATRICK DUN'S,53.3392,-6.24064,32,8,2024-03-26 21:00:00,280.46,277.11,90,0.0,scattered clouds,Clouds,5.66,802
58,SIR PATRICK DUN'S,53.3392,-6.24064,32,8,2024-03-26 21:00:00,280.59,277.27,90,0.0,scattered clouds,Clouds,5.66,802
59,DENMARK STREET GREAT,53.3556,-6.2614,2,18,2024-03-26 21:00:00,280.65,277.35,90,0.0,scattered clouds,Clouds,5.66,802
59,DENMARK STREET GREAT,53.3556,-6.2614,2,18,2024-03-26 21:00:00,280.7,277.41,90,0.0,scattered clouds,Clouds,5.66,802
59,DENMARK STREET GREAT,53.3556,-6.2614,2,18,2024-03-26 21:00:00,280.46,277.11,90,0.0,scattered clouds,Clouds,5.66,802
59,DENMARK STREET GREAT,53.3556,-6.2614,2,18,2024-03-26 21:00:00,280.59,277.27,90,0.0,scattered clouds,Clouds,5.66,802
60,NORTH CIRCULAR ROAD,53.3596,-6.26035,24,6,2024-03-26 21:00:00,280.65,277.35,90,0.0,scattered clouds,Clouds,5.66,802
60,NORTH CIRCULAR ROAD,53.3596,-6.26035,24,6,2024-03-26 21:00:00,280.7,277.41,90,0.0,scattered clouds,Clouds,5.66,802
60,NORTH CIRCULAR ROAD,53.3596,-6.26035,24,6,2024-03-26 21:00:00,280.46,277.11,90,0.0,scattered clouds,Clouds,5.66,802
60,NORTH CIRCULAR ROAD,53.3596,-6.26035,24,6,2024-03-26 21:00:00,280.59,277.27,90,0.0,scattered clouds,Clouds,5.66,802
61,HARDWICKE PLACE,53.357,-6.26323,7,17,2024-03-26 21:00:00,280.65,277.35,90,0.0,scattered clouds,Clouds,5.66,802
61,HARDWICKE PLACE,53.357,-6.26323,7,17,2024-03-26 21:00:00,280.7,277.41,90,0.0,scattered clouds,Clouds,5.66,802
61,HARDWICKE PLACE,53.357,-6.26323,7,17,2024-03-26 21:00:00,280.46,277.11,90,0.0,scattered clouds,Clouds,5.66,802
61,HARDWICKE PLACE,53.357,-6.26323,7,17,2024-03-26 21:00:00,280.59,277.27,90,0.0,scattered clouds,Clouds,5.66,802
62,LIME STREET,53.346,-6.24358,0,40,2024-03-26 21:00:00,280.65,277.35,90,0.0,scattered clouds,Clouds,5.66,802
62,LIME STREET,53.346,-6.24358,0,40,2024-03-26 21:00:00,280.7,277.41,90,0.0,scattered clouds,Clouds,5.66,802
62,LIME STREET,53.346,-6.24358,0,40,2024-03-26 21:00:00,280.46,277.11,90,0.0,scattered clouds,Clouds,5.66,802
62,LIME STREET,53.346,-6.24358,0,40,2024-03-26 21:00:00,280.59,277.27,90,0.0,scattered clouds,Clouds,5.66,802
63,FENIAN STREET,53.3414,-6.24672,13,22,2024-03-26 21:00:00,280.65,277.35,90,0.0,scattered clouds,Clouds,5.66,802
63,FENIAN STREET,53.3414,-6.24672,13,22,2024-03-26 21:00:00,280.7,277.41,90,0.0,scattered clouds,Clouds,5.66,802
63,FENIAN STREET,53.3414,-6.24672,13,22,2024-03-26 21:00:00,280.46,277.11,90,0.0,scattered clouds,Clouds,5.66,802
63,FENIAN STREET,53.3414,-6.24672,13,22,2024-03-26 21:00:00,280.59,277.27,90,0.0,scattered clouds,Clouds,5.66,802
64,SANDWITH STREET,53.3452,-6.24716,37,3,2024-03-26 21:00:00,280.65,277.35,90,0.0,scattered clouds,Clouds,5.66,802
64,SANDWITH STREET,53.3452,-6.24716,37,3,2024-03-26 21:00:00,280.7,277.41,90,0.0,scattered clouds,Clouds,5.66,802
64,SANDWITH STREET,53.3452,-6.24716,37,3,2024-03-26 21:00:00,280.46,277.11,90,0.0,scattered clouds,Clouds,5.66,802
64,SANDWITH STREET,53.3452,-6.24716,37,3,2024-03-26 21:00:00,280.59,277.27,90,0.0,scattered clouds,Clouds,5.66,802
65,CONVENTION CENTRE,53.3474,-6.23852,1,39,2024-03-26 21:00:00,280.65,277.35,90,0.0,scattered clouds,Clouds,5.66,802
65,CONVENTION CENTRE,53.3474,-6.23852,1,39,2024-03-26 21:00:00,280.7,277.41,90,0.0,scattered clouds,Clouds,5.66,802
65,CONVENTION CENTRE,53.3474,-6.23852,1,39,2024-03-26 21:00:00,280.46,277.11,90,0.0,scattered clouds,Clouds,5.66,802
65,CONVENTION CENTRE,53.3474,-6.23852,1,39,2024-03-26 21:00:00,280.59,277.27,90,0.0,scattered clouds,Clouds,5.66,802
66,NEW CENTRAL BANK,53.3471,-6.23475,4,36,2024-03-26 21:00:00,280.65,277.35,90,0.0,scattered clouds,Clouds,5.66,802
66,NEW CENTRAL BANK,53.3471,-6.23475,4,36,2024-03-26 21:00:00,280.7,277.41,90,0.0,scattered clouds,Clouds,5.66,802
66,NEW CENTRAL BANK,53.3471,-6.23475,4,36,2024-03-26 21:00:00,280.46,277.11,90,0.0,scattered clouds,Clouds,5.66,802
66,NEW CENTRAL BANK,53.3471,-6.23475,4,36,2024-03-26 21:00:00,280.59,277.27,90,0.0,scattered clouds,Clouds,5.66,802
67,THE POINT,53.3469,-6.23085,12,28,2024-03-26 21:00:00,280.65,277.35,90,0.0,scattered clouds,Clouds,5.66,802
67,THE POINT,53.3469,-6.23085,12,28,2024-03-26 21:00:00,280.7,277.41,90,0.0,scattered clouds,Clouds,5.66,802
67,THE POINT,53.3469,-6.23085,12,28,2024-03-26 21:00:00,280.46,277.11,90,0.0,scattered clouds,Clouds,5.66,802
67,THE POINT,53.3469,-6.23085,12,28,2024-03-26 21:00:00,280.59,277.27,90,0.0,scattered clouds,Clouds,5.66,802
68,HANOVER QUAY,53.3441,-6.23715,11,29,2024-03-26 21:00:00,280.65,277.35,90,0.0,scattered clouds,Clouds,5.66,802
68,HANOVER QUAY,53.3441,-6.23715,11,29,2024-03-26 21:00:00,280.7,277.41,90,0.0,scattered clouds,Clouds,5.66,802
68,HANOVER QUAY,53.3441,-6.23715,11,29,2024-03-26 21:00:00,280.46,277.11,90,0.0,scattered clouds,Clouds,5.66,802
68,HANOVER QUAY,53.3441,-6.23715,11,29,2024-03-26 21:00:00,280.59,277.27,90,0.0,scattered clouds,Clouds,5.66,802
69,GRAND CANAL DOCK,53.3426,-6.2387,3,37,2024-03-26 21:00:00,280.65,277.35,90,0.0,scattered clouds,Clouds,5.66,802
69,GRAND CANAL DOCK,53.3426,-6.2387,3,37,2024-03-26 21:00:00,280.7,277.41,90,0.0,scattered clouds,Clouds,5.66,802
69,GRAND CANAL DOCK,53.3426,-6.2387,3,37,2024-03-26 21:00:00,280.46,277.11,90,0.0,scattered clouds,Clouds,5.66,802
69,GRAND CANAL DOCK,53.3426,-6.2387,3,37,2024-03-26 21:00:00,280.59,277.27,90,0.0,scattered clouds,Clouds,5.66,802
71,KEVIN STREET,53.3378,-6.2677,4,36,2024-03-26 21:00:00,280.65,277.35,90,0.0,scattered clouds,Clouds,5.66,802
71,KEVIN STREET,53.3378,-6.2677,4,36,2024-03-26 21:00:00,280.7,277.41,90,0.0,scattered clouds,Clouds,5.66,802
71,KEVIN STREET,53.3378,-6.2677,4,36,2024-03-26 21:00:00,280.46,277.11,90,0.0,scattered clouds,Clouds,5.66,802
71,KEVIN STREET,53.3378,-6.2677,4,36,2024-03-26 21:00:00,280.59,277.27,90,0.0,scattered clouds,Clouds,5.66,802
72,JOHN STREET WEST,53.3431,-6.27717,6,25,2024-03-26 21:00:00,280.65,277.35,90,0.0,scattered clouds,Clouds,5.66,802
72,JOHN STREET WEST,53.3431,-6.27717,6,25,2024-03-26 21:00:00,280.7,277.41,90,0.0,scattered clouds,Clouds,5.66,802
72,JOHN STREET WEST,53.3431,-6.27717,6,25,2024-03-26 21:00:00,280.46,277.11,90,0.0,scattered clouds,Clouds,5.66,802
72,JOHN STREET WEST,53.3431,-6.27717,6,25,2024-03-26 21:00:00,280.59,277.27,90,0.0,scattered clouds,Clouds,5.66,802
73,FRANCIS STREET,53.3421,-6.27523,18,12,2024-03-26 21:00:00,280.65,277.35,90,0.0,scattered clouds,Clouds,5.66,802
73,FRANCIS STREET,53.3421,-6.27523,18,12,2024-03-26 21:00:00,280.7,277.41,90,0.0,scattered clouds,Clouds,5.66,802
73,FRANCIS STREET,53.3421,-6.27523,18,12,2024-03-26 21:00:00,280.46,277.11,90,0.0,scattered clouds,Clouds,5.66,802
73,FRANCIS STREET,53.3421,-6.27523,18,12,2024-03-26 21:00:00,280.59,277.27,90,0.0,scattered clouds,Clouds,5.66,802
74,OLIVER BOND STREET,53.3439,-6.28053,14,16,2024-03-26 21:00:00,280.65,277.35,90,0.0,scattered clouds,Clouds,5.66,802
74,OLIVER BOND STREET,53.3439,-6.28053,14,16,2024-03-26 21:00:00,280.7,277.41,90,0.0,scattered clouds,Clouds,5.66,802
74,OLIVER BOND STREET,53.3439,-6.28053,14,16,2024-03-26 21:00:00,280.46,277.11,90,0.0,scattered clouds,Clouds,5.66,802
74,OLIVER BOND STREET,53.3439,-6.28053,14,16,2024-03-26 21:00:00,280.59,277.27,90,0.0,scattered clouds,Clouds,5.66,802
75,JAMES STREET,53.3435,-6.28741,12,28,2024-03-26 21:00:00,280.65,277.35,90,0.0,scattered clouds,Clouds,5.66,802
75,JAMES STREET,53.3435,-6.28741,12,28,2024-03-26 21:00:00,280.7,277.41,90,0.0,scattered clouds,Clouds,5.66,802
75,JAMES STREET,53.3435,-6.28741,12,28,2024-03-26 21:00:00,280.46,277.11,90,0.0,scattered clouds,Clouds,5.66,802
75,JAMES STREET,53.3435,-6.28741,12,28,2024-03-26 21:00:00,280.59,277.27,90,0.0,scattered clouds,Clouds,5.66,802
76,MARKET STREET SOUTH,53.3423,-6.28766,20,18,2024-03-26 21:00:00,280.65,277.35,90,0.0,scattered clouds,Clouds,5.66,802
76,MARKET STREET SOUTH,53.3423,-6.28766,20,18,2024-03-26 21:00:00,280.7,277.41,90,0.0,scattered clouds,Clouds,5.66,802
76,MARKET STREET SOUTH,53.3423,-6.28766,20,18,2024-03-26 21:00:00,280.46,277.11,90,0.0,scattered clouds,Clouds,5.66,802
76,MARKET STREET SOUTH,53.3423,-6.28766,20,18,2024-03-26 21:00:00,280.59,277.27,90,0.0,scattered clouds,Clouds,5.66,802
77,WOLFE TONE STREET,53.3489,-6.26746,12,17,2024-03-26 21:00:00,280.65,277.35,90,0.0,scattered clouds,Clouds,5.66,802
77,WOLFE TONE STREET,53.3489,-6.26746,12,17,2024-03-26 21:00:00,280.7,277.41,90,0.0,scattered clouds,Clouds,5.66,802
77,WOLFE TONE STREET,53.3489,-6.26746,12,17,2024-03-26 21:00:00,280.46,277.11,90,0.0,scattered clouds,Clouds,5.66,802
77,WOLFE TONE STREET,53.3489,-6.26746,12,17,2024-03-26 21:00:00,280.59,277.27,90,0.0,scattered clouds,Clouds,5.66,802
78,MATER HOSPITAL,53.36,-6.26483,8,32,2024-03-26 21:00:00,280.65,277.35,90,0.0,scattered clouds,Clouds,5.66,802
78,MATER HOSPITAL,53.36,-6.26483,8,32,2024-03-26 21:00:00,280.7,277.41,90,0.0,scattered clouds,Clouds,5.66,802
78,MATER HOSPITAL,53.36,-6.26483,8,32,2024-03-26 21:00:00,280.46,277.11,90,0.0,scattered clouds,Clouds,5.66,802
78,MATER HOSPITAL,53.36,-6.26483,8,32,2024-03-26 21:00:00,280.59,277.27,90,0.0,scattered clouds,Clouds,5.66,802
79,ECCLES STREET EAST,53.3581,-6.2656,1,26,2024-03-26 21:00:00,280.65,277.35,90,0.0,scattered clouds,Clouds,5.66,802
79,ECCLES STREET EAST,53.3581,-6.2656,1,26,2024-03-26 21:00:00,280.7,277.41,90,0.0,scattered clouds,Clouds,5.66,802
79,ECCLES STREET EAST,53.3581,-6.2656,1,26,2024-03-26 21:00:00,280.46,277.11,90,0.0,scattered clouds,Clouds,5.66,802
79,ECCLES STREET EAST,53.3581,-6.2656,1,26,2024-03-26 21:00:00,280.59,277.27,90,0.0,scattered clouds,Clouds,5.66,802
80,ST JAMES HOSPITAL (LUAS),53.3414,-6.29295,20,20,2024-03-26 21:00:00,280.65,277.35,90,0.0,scattered clouds,Clouds,5.66,802
80,ST JAMES HOSPITAL (LUAS),53.3414,-6.29295,20,20,2024-03-26 21:00:00,280.7,277.41,90,0.0,scattered clouds,Clouds,5.66,802
80,ST JAMES HOSPITAL (LUAS),53.3414,-6.29295,20,20,2024-03-26 21:00:00,280.46,277.11,90,0.0,scattered clouds,Clouds,5.66,802
80,ST JAMES HOSPITAL (LUAS),53.3414,-6.29295,20,20,2024-03-26 21:00:00,280.59,277.27,90,0.0,scattered clouds,Clouds,5.66,802
82,MOUNT BROWN,53.3416,-6.29719,8,14,2024-03-26 21:00:00,280.65,277.35,90,0.0,scattered clouds,Clouds,5.66,802
82,MOUNT BROWN,53.3416,-6.29719,8,14,2024-03-26 21:00:00,280.7,277.41,90,0.0,scattered clouds,Clouds,5.66,802
82,MOUNT BROWN,53.3416,-6.29719,8,14,2024-03-26 21:00:00,280.46,277.11,90,0.0,scattered clouds,Clouds,5.66,802
82,MOUNT BROWN,53.3416,-6.29719,8,14,2024-03-26 21:00:00,280.59,277.27,90,0.0,scattered clouds,Clouds,5.66,802
83,EMMET ROAD,53.3407,-6.30819,34,6,2024-03-26 21:00:00,280.65,277.35,90,0.0,scattered clouds,Clouds,5.66,802
83,EMMET ROAD,53.3407,-6.30819,34,6,2024-03-26 21:00:00,280.7,277.41,90,0.0,scattered clouds,Clouds,5.66,802
83,EMMET ROAD,53.3407,-6.30819,34,6,2024-03-26 21:00:00,280.46,277.11,90,0.0,scattered clouds,Clouds,5.66,802
83,EMMET ROAD,53.3407,-6.30819,34,6,2024-03-26 21:00:00,280.59,277.27,90,0.0,scattered clouds,Clouds,5.66,802
84,BROOKFIELD ROAD,53.339,-6.30022,19,11,2024-03-26 21:00:00,280.65,277.35,90,0.0,scattered clouds,Clouds,5.66,802
84,BROOKFIELD ROAD,53.339,-6.30022,19,11,2024-03-26 21:00:00,280.7,277.41,90,0.0,scattered clouds,Clouds,5.66,802
84,BROOKFIELD ROAD,53.339,-6.30022,19,11,2024-03-26 21:00:00,280.46,277.11,90,0.0,scattered clouds,Clouds,5.66,802
84,BROOKFIELD ROAD,53.339,-6.30022,19,11,2024-03-26 21:00:00,280.59,277.27,90,0.0,scattered clouds,Clouds,5.66,802
85,ROTHE ABBEY,53.3388,-6.30395,35,0,2024-03-26 21:00:00,280.65,277.35,90,0.0,scattered clouds,Clouds,5.66,802
85,ROTHE ABBEY,53.3388,-6.30395,35,0,2024-03-26 21:00:00,280.7,277.41,90,0.0,scattered clouds,Clouds,5.66,802
85,ROTHE ABBEY,53.3388,-6.30395,35,0,2024-03-26 21:00:00,280.46,277.11,90,0.0,scattered clouds,Clouds,5.66,802
85,ROTHE ABBEY,53.3388,-6.30395,35,0,2024-03-26 21:00:00,280.59,277.27,90,0.0,scattered clouds,Clouds,5.66,802
86,PARKGATE STREET,53.348,-6.2918,35,3,2024-03-26 21:00:00,280.65,277.35,90,0.0,scattered clouds,Clouds,5.66,802
86,PARKGATE STREET,53.348,-6.2918,35,3,2024-03-26 21:00:00,280.7,277.41,90,0.0,scattered clouds,Clouds,5.66,802
86,PARKGATE STREET,53.348,-6.2918,35,3,2024-03-26 21:00:00,280.46,277.11,90,0.0,scattered clouds,Clouds,5.66,802
86,PARKGATE STREET,53.348,-6.2918,35,3,2024-03-26 21:00:00,280.59,277.27,90,0.0,scattered clouds,Clouds,5.66,802
87,COLLINS BARRACKS MUSEUM,53.3475,-6.28525,20,18,2024-03-26 21:00:00,280.65,277.35,90,0.0,scattered clouds,Clouds,5.66,802
87,COLLINS BARRACKS MUSEUM,53.3475,-6.28525,20,18,2024-03-26 21:00:00,280.7,277.41,90,0.0,scattered clouds,Clouds,5.66,802
87,COLLINS BARRACKS MUSEUM,53.3475,-6.28525,20,18,2024-03-26 21:00:00,280.46,277.11,90,0.0,scattered clouds,Clouds,5.66,802
87,COLLINS BARRACKS MUSEUM,53.3475,-6.28525,20,18,2024-03-26 21:00:00,280.59,277.27,90,0.0,scattered clouds,Clouds,5.66,802
88,BLACKHALL PLACE,53.3488,-6.28164,14,16,2024-03-26 21:00:00,280.65,277.35,90,0.0,scattered clouds,Clouds,5.66,802
88,BLACKHALL PLACE,53.3488,-6.28164,14,16,2024-03-26 21:00:00,280.7,277.41,90,0.0,scattered clouds,Clouds,5.66,802
88,BLACKHALL PLACE,53.3488,-6.28164,14,16,2024-03-26 21:00:00,280.46,277.11,90,0.0,scattered clouds,Clouds,5.66,802
88,BLACKHALL PLACE,53.3488,-6.28164,14,16,2024-03-26 21:00:00,280.59,277.27,90,0.0,scattered clouds,Clouds,5.66,802
89,FITZWILLIAM SQUARE EAST,53.3352,-6.2509,1,39,2024-03-26 21:00:00,280.65,277.35,90,0.0,scattered clouds,Clouds,5.66,802
89,FITZWILLIAM SQUARE EAST,53.3352,-6.2509,1,39,2024-03-26 21:00:00,280.7,277.41,90,0.0,scattered clouds,Clouds,5.66,802
89,FITZWILLIAM SQUARE EAST,53.3352,-6.2509,1,39,2024-03-26 21:00:00,280.46,277.11,90,0.0,scattered clouds,Clouds,5.66,802
89,FITZWILLIAM SQUARE EAST,53.3352,-6.2509,1,39,2024-03-26 21:00:00,280.59,277.27,90,0.0,scattered clouds,Clouds,5.66,802
90,BENSON STREET,53.3442,-6.23345,2,38,2024-03-26 21:00:00,280.65,277.35,90,0.0,scattered clouds,Clouds,5.66,802
90,BENSON STREET,53.3442,-6.23345,2,38,2024-03-26 21:00:00,280.7,277.41,90,0.0,scattered clouds,Clouds,5.66,802
90,BENSON STREET,53.3442,-6.23345,2,38,2024-03-26 21:00:00,280.46,277.11,90,0.0,scattered clouds,Clouds,5.66,802
90,BENSON STREET,53.3442,-6.23345,2,38,2024-03-26 21:00:00,280.59,277.27,90,0.0,scattered clouds,Clouds,5.66,802
91,SOUTH DOCK ROAD,53.3418,-6.23129,15,15,2024-03-26 21:00:00,280.65,277.35,90,0.0,scattered clouds,Clouds,5.66,802
91,SOUTH DOCK ROAD,53.3418,-6.23129,15,15,2024-03-26 21:00:00,280.7,277.41,90,0.0,scattered clouds,Clouds,5.66,802
91,SOUTH DOCK ROAD,53.3418,-6.23129,15,15,2024-03-26 21:00:00,280.46,277.11,90,0.0,scattered clouds,Clouds,5.66,802
91,SOUTH DOCK ROAD,53.3418,-6.23129,15,15,2024-03-26 21:00:00,280.59,277.27,90,0.0,scattered clouds,Clouds,5.66,802
92,HEUSTON BRIDGE (NORTH),53.3478,-6.29243,37,3,2024-03-26 21:00:00,280.65,277.35,90,0.0,scattered clouds,Clouds,5.66,802
92,HEUSTON BRIDGE (NORTH),53.3478,-6.29243,37,3,2024-03-26 21:00:00,280.7,277.41,90,0.0,scattered clouds,Clouds,5.66,802
92,HEUSTON BRIDGE (NORTH),53.3478,-6.29243,37,3,2024-03-26 21:00:00,280.46,277.11,90,0.0,scattered clouds,Clouds,5.66,802
92,HEUSTON BRIDGE (NORTH),53.3478,-6.29243,37,3,2024-03-26 21:00:00,280.59,277.27,90,0.0,scattered clouds,Clouds,5.66,802
93,HEUSTON STATION (CENTRAL),53.3466,-6.29692,40,0,2024-03-26 21:00:00,280.65,277.35,90,0.0,scattered clouds,Clouds,5.66,802
93,HEUSTON STATION (CENTRAL),53.3466,-6.29692,40,0,2024-03-26 21:00:00,280.7,277.41,90,0.0,scattered clouds,Clouds,5.66,802
93,HEUSTON STATION (CENTRAL),53.3466,-6.29692,40,0,2024-03-26 21:00:00,280.46,277.11,90,0.0,scattered clouds,Clouds,5.66,802
93,HEUSTON STATION (CENTRAL),53.3466,-6.29692,40,0,2024-03-26 21:00:00,280.59,277.27,90,0.0,scattered clouds,Clouds,5.66,802
94,HEUSTON STATION (CAR PARK),53.347,-6.2978,12,28,2024-03-26 21:00:00,280.65,277.35,90,0.0,scattered clouds,Clouds,5.66,802
94,HEUSTON STATION (CAR PARK),53.347,-6.2978,12,28,2024-03-26 21:00:00,280.7,277.41,90,0.0,scattered clouds,Clouds,5.66,802
94,HEUSTON STATION (CAR PARK),53.347,-6.2978,12,28,2024-03-26 21:00:00,280.46,277.11,90,0.0,scattered clouds,Clouds,5.66,802
94,HEUSTON STATION (CAR PARK),53.347,-6.2978,12,28,2024-03-26 21:00:00,280.59,277.27,90,0.0,scattered clouds,Clouds,5.66,802
95,ROYAL HOSPITAL,53.3439,-6.29706,34,6,2024-03-26 21:00:00,280.65,277.35,90,0.0,scattered clouds,Clouds,5.66,802
95,ROYAL HOSPITAL,53.3439,-6.29706,34,6,2024-03-26 21:00:00,280.7,277.41,90,0.0,scattered clouds,Clouds,5.66,802
95,ROYAL HOSPITAL,53.3439,-6.29706,34,6,2024-03-26 21:00:00,280.46,277.11,90,0.0,scattered clouds,Clouds,5.66,802
95,ROYAL HOSPITAL,53.3439,-6.29706,34,6,2024-03-26 21:00:00,280.59,277.27,90,0.0,scattered clouds,Clouds,5.66,802
96,KILMAINHAM LANE,53.3418,-6.30509,22,8,2024-03-26 21:00:00,280.65,277.35,90,0.0,scattered clouds,Clouds,5.66,802
96,KILMAINHAM LANE,53.3418,-6.30509,22,8,2024-03-26 21:00:00,280.7,277.41,90,0.0,scattered clouds,Clouds,5.66,802
96,KILMAINHAM LANE,53.3418,-6.30509,22,8,2024-03-26 21:00:00,280.46,277.11,90,0.0,scattered clouds,Clouds,5.66,802
96,KILMAINHAM LANE,53.3418,-6.30509,22,8,2024-03-26 21:00:00,280.59,277.27,90,0.0,scattered clouds,Clouds,5.66,802
97,KILMAINHAM GAOL,53.3421,-6.31002,33,7,2024-03-26 21:00:00,280.65,277.35,90,0.0,scattered clouds,Clouds,5.66,802
97,KILMAINHAM GAOL,53.3421,-6.31002,33,7,2024-03-26 21:00:00,280.7,277.41,90,0.0,scattered clouds,Clouds,5.66,802
97,KILMAINHAM GAOL,53.3421,-6.31002,33,7,2024-03-26 21:00:00,280.46,277.11,90,0.0,scattered clouds,Clouds,5.66,802
97,KILMAINHAM GAOL,53.3421,-6.31002,33,7,2024-03-26 21:00:00,280.59,277.27,90,0.0,scattered clouds,Clouds,5.66,802
98,FREDERICK STREET SOUTH,53.3415,-6.25685,0,40,2024-03-26 21:00:00,280.65,277.35,90,0.0,scattered clouds,Clouds,5.66,802
98,FREDERICK STREET SOUTH,53.3415,-6.25685,0,40,2024-03-26 21:00:00,280.7,277.41,90,0.0,scattered clouds,Clouds,5.66,802
98,FREDERICK STREET SOUTH,53.3415,-6.25685,0,40,2024-03-26 21:00:00,280.46,277.11,90,0.0,scattered clouds,Clouds,5.66,802
98,FREDERICK STREET SOUTH,53.3415,-6.25685,0,40,2024-03-26 21:00:00,280.59,277.27,90,0.0,scattered clouds,Clouds,5.66,802
99,CITY QUAY,53.3466,-6.24615,4,26,2024-03-26 21:00:00,280.65,277.35,90,0.0,scattered clouds,Clouds,5.66,802
99,CITY QUAY,53.3466,-6.24615,4,26,2024-03-26 21:00:00,280.7,277.41,90,0.0,scattered clouds,Clouds,5.66,802
99,CITY QUAY,53.3466,-6.24615,4,26,2024-03-26 21:00:00,280.46,277.11,90,0.0,scattered clouds,Clouds,5.66,802
99,CITY QUAY,53.3466,-6.24615,4,26,2024-03-26 21:00:00,280.59,277.27,90,0.0,scattered clouds,Clouds,5.66,802
100,HEUSTON BRIDGE (SOUTH),53.3471,-6.29204,25,0,2024-03-26 21:00:00,280.65,277.35,90,0.0,scattered clouds,Clouds,5.66,802
100,HEUSTON BRIDGE (SOUTH),53.3471,-6.29204,25,0,2024-03-26 21:00:00,280.7,277.41,90,0.0,scattered clouds,Clouds,5.66,802
100,HEUSTON BRIDGE (SOUTH),53.3471,-6.29204,25,0,2024-03-26 21:00:00,280.46,277.11,90,0.0,scattered clouds,Clouds,5.66,802
100,HEUSTON BRIDGE (SOUTH),53.3471,-6.29204,25,0,2024-03-26 21:00:00,280.59,277.27,90,0.0,scattered clouds,Clouds,5.66,802
101,KING STREET NORTH,53.3503,-6.27351,7,23,2024-03-26 21:00:00,280.65,277.35,90,0.0,scattered clouds,Clouds,5.66,802
101,KING STREET NORTH,53.3503,-6.27351,7,23,2024-03-26 21:00:00,280.7,277.41,90,0.0,scattered clouds,Clouds,5.66,802
101,KING STREET NORTH,53.3503,-6.27351,7,23,2024-03-26 21:00:00,280.46,277.11,90,0.0,scattered clouds,Clouds,5.66,802
101,KING STREET NORTH,53.3503,-6.27351,7,23,2024-03-26 21:00:00,280.59,277.27,90,0.0,scattered clouds,Clouds,5.66,802
102,WESTERN WAY,53.3549,-6.26942,20,20,2024-03-26 21:00:00,280.65,277.35,90,0.0,scattered clouds,Clouds,5.66,802
102,WESTERN WAY,53.3549,-6.26942,20,20,2024-03-26 21:00:00,280.7,277.41,90,0.0,scattered clouds,Clouds,5.66,802
102,WESTERN WAY,53.3549,-6.26942,20,20,2024-03-26 21:00:00,280.46,277.11,90,0.0,scattered clouds,Clouds,5.66,802
102,WESTERN WAY,53.3549,-6.26942,20,20,2024-03-26 21:00:00,280.59,277.27,90,0.0,scattered clouds,Clouds,5.66,802
103,GRANGEGORMAN LOWER (SOUTH),53.3547,-6.27868,3,37,2024-03-26 21:00:00,280.65,277.35,90,0.0,scattered clouds,Clouds,5.66,802
103,GRANGEGORMAN LOWER (SOUTH),53.3547,-6.27868,3,37,2024-03-26 21:00:00,280.7,277.41,90,0.0,scattered clouds,Clouds,5.66,802
103,GRANGEGORMAN LOWER (SOUTH),53.3547,-6.27868,3,37,2024-03-26 21:00:00,280.46,277.11,90,0.0,scattered clouds,Clouds,5.66,802
103,GRANGEGORMAN LOWER (SOUTH),53.3547,-6.27868,3,37,2024-03-26 21:00:00,280.59,277.27,90,0.0,scattered clouds,Clouds,5.66,802
104,GRANGEGORMAN LOWER (CENTRAL),53.3552,-6.27842,9,31,2024-03-26 21:00:00,280.65,277.35,90,0.0,scattered clouds,Clouds,5.66,802
104,GRANGEGORMAN LOWER (CENTRAL),53.3552,-6.27842,9,31,2024-03-26 21:00:00,280.7,277.41,90,0.0,scattered clouds,Clouds,5.66,802
104,GRANGEGORMAN LOWER (CENTRAL),53.3552,-6.27842,9,31,2024-03-26 21:00:00,280.46,277.11,90,0.0,scattered clouds,Clouds,5.66,802
104,GRANGEGORMAN LOWER (CENTRAL),53.3552,-6.27842,9,31,2024-03-26 21:00:00,280.59,277.27,90,0.0,scattered clouds,Clouds,5.66,802
105,GRANGEGORMAN LOWER (NORTH),53.356,-6.27838,4,32,2024-03-26 21:00:00,280.65,277.35,90,0.0,scattered clouds,Clouds,5.66,802
105,GRANGEGORMAN LOWER (NORTH),53.356,-6.27838,4,32,2024-03-26 21:00:00,280.7,277.41,90,0.0,scattered clouds,Clouds,5.66,802
105,GRANGEGORMAN LOWER (NORTH),53.356,-6.27838,4,32,2024-03-26 21:00:00,280.46,277.11,90,0.0,scattered clouds,Clouds,5.66,802
105,GRANGEGORMAN LOWER (NORTH),53.356,-6.27838,4,32,2024-03-26 21:00:00,280.59,277.27,90,0.0,scattered clouds,Clouds,5.66,802
106,RATHDOWN ROAD,53.3589,-6.28034,14,26,2024-03-26 21:00:00,280.65,277.35,90,0.0,scattered clouds,Clouds,5.66,802
106,RATHDOWN ROAD,53.3589,-6.28034,14,26,2024-03-26 21:00:00,280.7,277.41,90,0.0,scattered clouds,Clouds,5.66,802
106,RATHDOWN ROAD,53.3589,-6.28034,14,26,2024-03-26 21:00:00,280.46,277.11,90,0.0,scattered clouds,Clouds,5.66,802
106,RATHDOWN ROAD,53.3589,-6.28034,14,26,2024-03-26 21:00:00,280.59,277.27,90,0.0,scattered clouds,Clouds,5.66,802
107,CHARLEVILLE ROAD,53.3592,-6.28187,9,31,2024-03-26 21:00:00,280.65,277.35,90,0.0,scattered clouds,Clouds,5.66,802
107,CHARLEVILLE ROAD,53.3592,-6.28187,9,31,2024-03-26 21:00:00,280.7,277.41,90,0.0,scattered clouds,Clouds,5.66,802
107,CHARLEVILLE ROAD,53.3592,-6.28187,9,31,2024-03-26 21:00:00,280.46,277.11,90,0.0,scattered clouds,Clouds,5.66,802
107,CHARLEVILLE ROAD,53.3592,-6.28187,9,31,2024-03-26 21:00:00,280.59,277.27,90,0.0,scattered clouds,Clouds,5.66,802
108,AVONDALE ROAD,53.3594,-6.27614,9,26,2024-03-26 21:00:00,280.65,277.35,90,0.0,scattered clouds,Clouds,5.66,802
108,AVONDALE ROAD,53.3594,-6.27614,9,26,2024-03-26 21:00:00,280.7,277.41,90,0.0,scattered clouds,Clouds,5.66,802
108,AVONDALE ROAD,53.3594,-6.27614,9,26,2024-03-26 21:00:00,280.46,277.11,90,0.0,scattered clouds,Clouds,5.66,802
108,AVONDALE ROAD,53.3594,-6.27614,9,26,2024-03-26 21:00:00,280.59,277.27,90,0.0,scattered clouds,Clouds,5.66,802
109,BUCKINGHAM STREET LOWER,53.3533,-6.24932,10,19,2024-03-26 21:00:00,280.65,277.35,90,0.0,scattered clouds,Clouds,5.66,802
109,BUCKINGHAM STREET LOWER,53.3533,-6.24932,10,19,2024-03-26 21:00:00,280.7,277.41,90,0.0,scattered clouds,Clouds,5.66,802
109,BUCKINGHAM STREET LOWER,53.3533,-6.24932,10,19,2024-03-26 21:00:00,280.46,277.11,90,0.0,scattered clouds,Clouds,5.66,802
109,BUCKINGHAM STREET LOWER,53.3533,-6.24932,10,19,2024-03-26 21:00:00,280.59,277.27,90,0.0,scattered clouds,Clouds,5.66,802
110,PHIBSBOROUGH ROAD,53.3563,-6.27372,13,27,2024-03-26 21:00:00,280.65,277.35,90,0.0,scattered clouds,Clouds,5.66,802
110,PHIBSBOROUGH ROAD,53.3563,-6.27372,13,27,2024-03-26 21:00:00,280.7,277.41,90,0.0,scattered clouds,Clouds,5.66,802
110,PHIBSBOROUGH ROAD,53.3563,-6.27372,13,27,2024-03-26 21:00:00,280.46,277.11,90,0.0,scattered clouds,Clouds,5.66,802
110,PHIBSBOROUGH ROAD,53.3563,-6.27372,13,27,2024-03-26 21:00:00,280.59,277.27,90,0.0,scattered clouds,Clouds,5.66,802
111,MOUNTJOY SQUARE EAST,53.3567,-6.25636,6,34,2024-03-26 21:00:00,280.65,277.35,90,0.0,scattered clouds,Clouds,5.66,802
111,MOUNTJOY SQUARE EAST,53.3567,-6.25636,6,34,2024-03-26 21:00:00,280.7,277.41,90,0.0,scattered clouds,Clouds,5.66,802
111,MOUNTJOY SQUARE EAST,53.3567,-6.25636,6,34,2024-03-26 21:00:00,280.46,277.11,90,0.0,scattered clouds,Clouds,5.66,802
111,MOUNTJOY SQUARE EAST,53.3567,-6.25636,6,34,2024-03-26 21:00:00,280.59,277.27,90,0.0,scattered clouds,Clouds,5.66,802
112,NORTH CIRCULAR ROAD (O'CONNELL'S),53.3578,-6.25156,17,13,2024-03-26 21:00:00,280.65,277.35,90,0.0,scattered clouds,Clouds,5.66,802
112,NORTH CIRCULAR ROAD (O'CONNELL'S),53.3578,-6.25156,17,13,2024-03-26 21:00:00,280.7,277.41,90,0.0,scattered clouds,Clouds,5.66,802
112,NORTH CIRCULAR ROAD (O'CONNELL'S),53.3578,-6.25156,17,13,2024-03-26 21:00:00,280.46,277.11,90,0.0,scattered clouds,Clouds,5.66,802
112,NORTH CIRCULAR ROAD (O'CONNELL'S),53.3578,-6.25156,17,13,2024-03-26 21:00:00,280.59,277.27,90,0.0,scattered clouds,Clouds,5.66,802
113,MERRION SQUARE SOUTH,53.3386,-6.24861,10,30,2024-03-26 21:00:00,280.65,277.35,90,0.0,scattered clouds,Clouds,5.66,802
113,MERRION SQUARE SOUTH,53.3386,-6.24861,10,30,2024-03-26 21:00:00,280.7,277.41,90,0.0,scattered clouds,Clouds,5.66,802
113,MERRION SQUARE SOUTH,53.3386,-6.24861,10,30,2024-03-26 21:00:00,280.46,277.11,90,0.0,scattered clouds,Clouds,5.66,802
113,MERRION SQUARE SOUTH,53.3386,-6.24861,10,30,2024-03-26 21:00:00,280.59,277.27,90,0.0,scattered clouds,Clouds,5.66,802
114,WILTON TERRACE (PARK),53.3337,-6.24834,0,40,2024-03-26 21:00:00,280.65,277.35,90,0.0,scattered clouds,Clouds,5.66,802
114,WILTON TERRACE (PARK),53.3337,-6.24834,0,40,2024-03-26 21:00:00,280.7,277.41,90,0.0,scattered clouds,Clouds,5.66,802
114,WILTON TERRACE (PARK),53.3337,-6.24834,0,40,2024-03-26 21:00:00,280.46,277.11,90,0.0,scattered clouds,Clouds,5.66,802
114,WILTON TERRACE (PARK),53.3337,-6.24834,0,40,2024-03-26 21:00:00,280.59,277.27,90,0.0,scattered clouds,Clouds,5.66,802
115,KILLARNEY STREET,53.3548,-6.24758,29,1,2024-03-26 21:00:00,280.65,277.35,90,0.0,scattered clouds,Clouds,5.66,802
115,KILLARNEY STREET,53.3548,-6.24758,29,1,2024-03-26 21:00:00,280.7,277.41,90,0.0,scattered clouds,Clouds,5.66,802
115,KILLARNEY STREET,53.3548,-6.24758,29,1,2024-03-26 21:00:00,280.46,277.11,90,0.0,scattered clouds,Clouds,5.66,802
115,KILLARNEY STREET,53.3548,-6.24758,29,1,2024-03-26 21:00:00,280.59,277.27,90,0.0,scattered clouds,Clouds,5.66,802
116,BROADSTONE,53.3547,-6.27231,3,27,2024-03-26 21:00:00,280.65,277.35,90,0.0,scattered clouds,Clouds,5.66,802
116,BROADSTONE,53.3547,-6.27231,3,27,2024-03-26 21:00:00,280.7,277.41,90,0.0,scattered clouds,Clouds,5.66,802
116,BROADSTONE,53.3547,-6.27231,3,27,2024-03-26 21:00:00,280.46,277.11,90,0.0,scattered clouds,Clouds,5.66,802
116,BROADSTONE,53.3547,-6.27231,3,27,2024-03-26 21:00:00,280.59,277.27,90,0.0,scattered clouds,Clouds,5.66,802
117,HANOVER QUAY EAST,53.3437,-6.23175,24,16,2024-03-26 21:00:00,280.65,277.35,90,0.0,scattered clouds,Clouds,5.66,802
117,HANOVER QUAY EAST,53.3437,-6.23175,24,16,2024-03-26 21:00:00,280.7,277.41,90,0.0,scattered clouds,Clouds,5.66,802
117,HANOVER QUAY EAST,53.3437,-6.23175,24,16,2024-03-26 21:00:00,280.46,277.11,90,0.0,scattered clouds,Clouds,5.66,802
117,HANOVER QUAY EAST,53.3437,-6.23175,24,16,2024-03-26 21:00:00,280.59,277.27,90,0.0,scattered clouds,Clouds,5.66,802
